file,sha256
TRIAL_REPORT.txt,db923440d40f0a4955b190e7760117052ca1792372291583f9813d20b67f0c1b
binary_identity.txt,ce7223116f4911a321673e8d25982233838de66879f60b6f45cbb4b58ff1e7fa
build.log,882c943bd332917c78f81bb18aee79c4ec4c124e60d88bdca76fabd13b85cc54
phase0/network_status.json,562173f613a977ebb1b0ff160842ebcdc85081c3498afaf7ae718927c8e5838f
phase0/result.json,fc353b9e7ef277384fbbfe7b14a25a1fb9f97ad284191eef0bb606469dc445a0
phase0/summary.txt,400f8bda48d3efd19449e6a3ac7a72363661998186a4b5a27df484800e7462d8
phase1/collapse_reasons.json,6270a79a70697cdc6d3bff82abe8e8f7bd74d29363d139d3d7cbda78d658d0c7
phase1/kernel_decisions.txt,7770a1fc57b037bec4931139a36a5e46d5e055ec8f29822f022e29cf01563289
phase1/result.json,a4b78e303166caaa680bcb8b7eca528f7008efac5a09feda202d7d52abb2a1a5
phase1/summary.txt,3b1cf6200c6709a65af14fa96968a0962aeb309e3a95ee105ef6ee3a986440bb
phase1/trial_result.json,1fe50f8a061525446cb2e48eff9fcb1f507e995f78476d062e270fa4ffa0b2bd
phase2/adversarial_result.json,7a267ea9bf459371d6f5474456b0058c73a4d3c5be4b08fdaf324091229ba7e8
phase2/attack_decisions.txt,068f9f598752045e5ac70d62294bcc55b7e538c13a3ebd9f387336fdd01ca17e
phase2/result.json,b92c3076b8caae32161d35676beea0d6cbbf7e4b1634bd78a5ce16cdbd525509
phase2/summary.txt,4c49b2bafb950642513666734078eadc5d7af9c172a4e52cdebd397d8ce0c762
phase5/aep_6000_result.json,4a5b955a336e22f096c01dabba10815a09854aa8d6d40fe7005ac5fcea7a542a
phase5/aep_6000_summary.txt,5a72a85aee95f30f63f0786927cdcdf0d39a3774e7e3c6062ad5af08b3ed32fd
phase5/result.json,08fdad723719f3b3d0b46c4d2b5974272f7c9a27f342426cd492b8fef75bd6fd
phase5/summary.txt,5e403af8ea54ee38ec9db144affd36fe8034db22a319bc07b4794be56a7e0ded
summary.json,f830a49a829e604d9d81a32cf3edda65af6c8389d5ace1458845698516a0d07e
trial_stdout.txt,bd19b53c8688ff11c4ff740c9218b5a6ee277041a7a7d1411c2d807f7b8cb54b
